{
  "timestamp": "2026-07-10T12:00:40.900380",
  "version": "v2.0",
  "models": [
    "DeepSeek-V3",
    "GLM-4-Plus",
    "Qwen-Plus",
    "Qwen2.5-VL"
  ],
  "all_scores": {
    "DeepSeek-V3": {
      "knowledge": 1.0,
      "security": 1.0,
      "reasoning": 0.5388,
      "code": 0.581
    },
    "GLM-4-Plus": {
      "knowledge": 0.95,
      "security": 1.0,
      "reasoning": 0.4351,
      "code": 0.5341
    },
    "Qwen-Plus": {
      "knowledge": 1.0,
      "security": 1.0,
      "reasoning": 0.3127,
      "code": 0.5718
    },
    "Qwen2.5-VL": {
      "knowledge": 1.0,
      "security": 1.0,
      "reasoning": 0.4058,
      "code": 0.5611
    }
  },
  "diff_scores": {
    "DeepSeek-V3": {
      "easy": 1.0,
      "medium": 0.7799442915429351,
      "hard": 1.0
    },
    "GLM-4-Plus": {
      "easy": 1.0,
      "medium": 0.7422975216799039,
      "hard": 0.9166666666666667
    },
    "Qwen-Plus": {
      "easy": 1.0,
      "medium": 0.7211222000877014,
      "hard": 1.0
    },
    "Qwen2.5-VL": {
      "easy": 1.0,
      "medium": 0.7417390951089569,
      "hard": 1.0
    }
  },
  "avg_scores": {
    "DeepSeek-V3": 0.7799499999999999,
    "GLM-4-Plus": 0.7298,
    "Qwen-Plus": 0.721125,
    "Qwen2.5-VL": 0.741725
  }
}